"-118.534409","34.203533","Sonny Watson's Street Swing Club","<div dir=""ltr""><font face=""arial"" size=""2""><a href=""http://www.streetswing.com/"" target=""_blank"">http://www.streetswing.com/</a></font></div><div dir=""ltr""><BR>&nbsp;</div><div dir=""ltr"" style=""font-family:arial;font-size:10pt""><b style=""font-size:10pt"">Wednesdays</b><BR><ul><li><span style=""font-size:10pt"">Beginner lessons 7pm - 8:15pm</span></li><li><span style=""font-size:10pt"">Intermediate 8:15pm - 9pm</span></li><li><span style=""font-size:10pt"">Social Dancing 9pm - midnight</span></li></ul><BR>$10 non-members<BR>$9 affiliate members<BR>$8 club members</div>"
"-117.880035","33.861294","The Clubhouse","<div dir=""ltr""><a href=""http://www.ocwcsdc.com"" target=""_blank"">www.ocwcsdc.com</a><BR><a href=""http://www.theclubhousedancestudio.com"" target=""_blank"">www.theclubhousedancestudio.com</a></div><div dir=""ltr""><BR>&nbsp;</div><div dir=""ltr"">Owned by DJ Jack Smith and Rachele Smith.<BR><BR><span style=""font-size:10pt""><b>Sundays</b></span><BR><ul><li><span style=""font-size:10pt"">Group lessons from 6pm-7:30pm</span></li><li><span style=""font-size:10pt"">Open dancing 7:30pm - midnight</span></li></ul><BR>Regular jack and jill contests almost every week.<BR><BR>$12 non-members<BR>$8 members<BR><BR><BR>&nbsp;</div>"
"-118.396614","33.923073","Hacienda Hotel and Double H Club","<div dir=""ltr"">WCS every Tuesday and Thursday 7pm - Midnight.<BR><BR>Lessons by Mindia Robin on Tue/Thur 7pm- 8:30pm.<BR><BR>1st Saturdays of the month with Phil Adams 7pm - midnight.<BR><BR>3rd Tuesdays of the month with Ben Morris's Swingin' da Club.<BR><BR>No cover charge for dancing.  Group lessons $10.<BR><BR>Full bar</div>"
"-117.863052","33.690105","ATOMIC Ballroom","<div dir=""ltr"">Ben Morris's Swingin' the Blues every Thursday night 7pm - midnight.<BR><BR>Lessons 7pm - 8:45pm<BR><BR>$15 lesson + dance<BR>$8 non-members dance only<BR>$6 Members and students<BR><BR>http://atomicballroom.com/evening-dances/thursday/swingin-the-blues.php<BR>&nbsp;</div>"
"-122.530624","38.071060","WnY Warehouse","<div style=""font-size:10pt;font-family:arial""><font size=""2"" face=""arial""><a href=""http://www.wnywarehouse.com/"" target=""_blank"">http://www.wnywarehouse.com/</a></font></div><b style=""font-size:10pt;font-family:arial""><div><b style=""font-family:arial;font-size:10pt""><BR></b></div>Tuesdays - WCS with Yenni Setiawan, Eric Jacobson, Janelle Guido and Jason Taylor</b><div style=""font-family:arial""><ul><li style=""font-size:10pt""><font size=""2"" face=""arial"">Lessons 6:30pm - 8:30pm</font></li><li style=""font-size:10pt""><font size=""2"" face=""arial"">Open dancing 8:30pm - 11:30pm</font></li><li><font size=""2"">Classes $10</font></li><li><font size=""2"">Dance $5</font></li></ul><div style=""font-size:10pt""><font size=""2""><b>Thursdays - WCS University with Jason &amp; Yvonne Wayne, Nick Jay, Joanna Meinl &amp; Shantala Davis</b></font></div></div><div><ul><li><font size=""2"">Lessons 6:30pm - 8:30pm</font></li><li><font size=""2"">Dancing 8:30pm - 11pm</font></li><li><font size=""2"">$13 class</font></li><li><font size=""2"">$5 dance only</font></li></ul></div>"
"-121.999313","37.823109","Two Left Feet","<font face=""arial"" size=""2""><a href=""http://www.twoleftfeet.com/"" target=""_blank"">http://www.twoleftfeet.com/</a></font><div><BR>&nbsp;</div><div><b>Fridays</b></div><div><ul><li>Lessons 8pm-9pm</li><li>Open Dancing 9pm-2am</li></ul><div>$12</div></div>"
"-111.926826","33.347736","Paragon Dance Center","<div dir=""ltr""><a href=""http://www.paragondance.net"" target=""_blank"">www.paragondance.net</a> West Coast Swing on <b>Tuesdays</b>&nbsp;</div><div dir=""ltr"">(7 pm - Beginner; 8 pm - Intermediate; 8:30 pm - midnight Open Dance) and&nbsp;</div><div dir=""ltr""><BR>&nbsp;</div><div dir=""ltr""><b>Fridays</b>&nbsp;</div><div dir=""ltr"">(7:30 pm - Beginner; 9 pm - midnight Open Dance) $7 general admission with lesson; $5 for students on Fridays; $5 on Tuesdays for open dance only.</div>"
"-112.055634","33.494911","Arthur Murray Dance Studio","<div dir=""ltr"">http://www.desertcityswing.com/sunday-night-dance.html or https://www.facebook.com/groups/89930035498/?fref=ts Sunday nights. Beginner and Intermediate lessons at 6 pm. Open dance 7 pm to 10:30 pm.</div>"
"-121.285248","38.752289","Opera House Saloon - Sac Swings","<div dir=""ltr"">Tuesday nights. 21+. Free parking (lot across the street.)<BR>Hosts: Martin Casillas and Lindsey Heaton<BR>6:30 pm: Lessons begin<BR>8:15 pm - close: Open Dancing<BR>http://www.sacswings.com/<BR><BR>Dance only - $5 (includes the 7:30 PM Beginning WCS Level 1 lesson)<BR>Beginning WCS Level 2 (6:30pm) - $5<BR>Intermediate WCS Level 1 (7:30pm) - $5<BR>Combo Special: Take the Beginning Level 2, the Intermediate Level 1 and stay for the dance: only $12<BR></div>"
"-121.835083","39.727577","StudioOne Ballroom 707 Wall St","<a href=""http://www.studiooneballroom.com"" target=""_blank"">studiooneballroom.com&nbsp;</a><div><BR>&nbsp;</div><div>Thursday nights. 9:00pm-midnight. &nbsp;$5 for the dance. Free parking on st and surrounding area. Chico, CA 95928<BR><img src=""https://cbks0.google.com/cbk?output=thumbnail&amp;w=90&amp;h=68&amp;ll=39.727579,-121.835083&amp;thumb=0""></div>"
"-117.059341","32.767197","Starlight Dance Studio","<font face=""arial"" size=""2""><a href=""http://www.starlightdance.com/"" target=""_blank"">http://www.starlightdance.com/</a></font><div><a href=""https://www.facebook.com/pages/Project-Swing/291845975230"" target=""_blank"">Project Swing Facebook</a></div><div><BR>&nbsp;</div><div>Monthly Project Swing Dance</div><div><b>Saturdays - 7:30pm - 2am</b></div><div>Check schedule for dates of monthly dance.</div><div><BR>&nbsp;</div><div><b>Tuesdays&nbsp;</b></div><div><ul><li>Lessons 5:30pm - 8:30pm</li></ul><div><b>Wednesdays</b></div></div><div><ul><li>Lessons 6:30pm-8:30pm</li></ul><div><b>Thursdays</b></div></div><div><ul><li>Lessons 7:30pm-8:30pm</li></ul><div><BR>&nbsp;</div></div>"
"-117.229614","32.796509","Tango Del Rey","<font face=""arial"" size=""2""><a href=""http://www.tangodelrey.com/"" target=""_blank"">http://www.tangodelrey.com/</a></font><div><BR>&nbsp;</div><div><b>Tuesdays</b></div><div><ul><li>7:30pm - Midnight</li></ul><div>$5 - ($3 credit towards bar)</div></div>"
"-119.851570","34.415405","UCSB West Coast Swing Club","West Coast Swing at University of California, Santa Barbara. 2013 - 2014 school year session time is every <span><span>Wednesday night 9 - 11:15 PM</span></span> (closed during holidays and school breaks). Please visit us on Facebook group to get the lasted club and event updates.<BR><BR><a href=""https://www.facebook.com/groups/UCSBWCS/"" target=""_blank"">https://www.facebook.com/groups/UCSBWCS/</a><BR><BR>Class Schedule:<BR><BR>Level 1 class: <span><span>9:00 - 9:50 PM</span></span><BR>Level 2 class: <span><span>9:55 - 10:45 PM</span></span><BR>Social Dance: <span><span>10:45 - 11:15 PM</span></span><BR><BR>Charge: $10 for entire quarter :)<BR><BR>Location: UCSB Robertson Gymnasium 2320<BR><BR>Parking: Parking Lot 18 (Mesa Parking Structure) Please refer to <a href=""http://www.aw.id.ucsb.edu/maps/ucsbmap.html"" target=""_blank"">UCSB MAP</a>"
"-87.753502","41.976212","May I Have This Dance","<font face=""arial"" size=""2""><a href=""http://www.mayihavethisdance.com/dance_parties/swing-on-sundays"" target=""_blank"">http://www.mayihavethisdance.com/dance_parties/swing-on-sundays</a></font><div><BR>&nbsp;</div><div><b>Sundays</b></div><div><ul><li>Hustle Lesson 6pm-6:30pm</li><li>WCS Lessons 6:30pm-7pm</li><li>Open Dancing 7pm-9pm (usually later)</li></ul><div>$10 - Lesson + dance</div></div><div>$7 dance only</div><div><BR>&nbsp;</div><div>Mostly WCS music with some hustle and a little bit of country 2-step.</div>"
"-121.332230","44.024479","Bend Dance!","<div><a href=""http://www.BendDance.com"" target=""_blank"">www.BendDance.com&nbsp;</a></div><div><BR>&nbsp;</div>WCS classes with Victoria Tolonen Tuesdays and Thursdays 6:00 - 9:30pm ($40/month), Practica Sunday evenings (free) and a drop-in class and dance every 3rd and 5th Fridays at Sons of Norway ($10). Come to learn, meet people and have fun!&nbsp;<BR><BR>"
"-122.319588","47.614990","Century Ballroom","<div dir=""ltr"" style=""font-family:arial;font-size:10pt""><a href=""http://www.centuryballroom.com/"" target=""_blank"">www.centuryballroom.com</a></div><div dir=""ltr"" style=""font-family:arial;font-size:10pt""><b>Tuesdays</b></div><div dir=""ltr""><ul><li><font face=""arial"" size=""2"">9pm - Midnight</font></li><li><font face=""arial"" size=""2"">$7 cover</font></li></ul><div><font face=""arial"" size=""2"">All ages</font></div><div><font face=""arial"" size=""2"">Music by DJ Robb</font></div><div><font face=""arial"" size=""2""><BR></font></div><div><font face=""arial"" size=""2"">1st Saturdays&nbsp;</font></div><div><font face=""arial"" size=""2"">OutSwing, for the GLBTQ WCS community (and their friends!). Lesson 8pm, dance 9-12a.&nbsp;</font></div></div>"
"-117.866966","33.666050","Avant Garde Ballroom","<font face=""arial"" size=""2""><a href=""http://www.avantgardeballroom.com/carrielucas.htm"" target=""_blank"">www.avantgardeballroom.com</a></font><div><BR>&nbsp;</div><div><b>4th Saturday of each Month</b></div><div><ul><li>Lesson 7pm-8pm</li><li>Dance 8pm-12pm&nbsp;</li></ul><div>Lessons and dance hosted by Carrie Lucas</div><div>$12 cover</div></div>"
"34.781940","32.086063","WCSI @ StudioB","<div><a href=""https://www.facebook.com/WCSIsrael"" target=""_blank"">https://www.facebook.com/WCSIsrael</a></div><div><BR>&nbsp;</div><div><div dir=""ltr"" align=""left"" style=""margin:0px;padding:0px 0px 0.7em;max-height:400px""><div style=""margin:0px;padding:0px""><b>Fridays</b></div><div style=""margin:0px;padding:0px""><ul style=""margin:6px 0px;padding:0px 0px 0px 32px;list-style-position:initial""><li style=""margin:0px;padding:0px"">Lessons 10:30pm-12:00am</li><li style=""margin:0px;padding:0px"">Open Dancing 12am-4am</li></ul><div style=""margin:0px;padding:0px"">$10</div><div style=""margin:0px;padding:0px""><BR>&nbsp;</div><div style=""margin:0px;padding:0px""><span style=""font-family:arial, helvetica, sans-serif;background-color:rgb(255, 255, 255)"">Alcohol is served</span></div></div></div></div><BR><img src=""https://cbks0.google.com/cbk?output=thumbnail&amp;w=90&amp;h=68&amp;ll=32.086760,34.782537&amp;thumb=0"">"
"-71.151947","42.411648","DanceBoston","<a href=""http://www.danceboston.com/"" target=""_blank"">http://www.danceboston.com/</a><BR><a href=""https://www.facebook.com/groups/18362946501/"" target=""_blank"">https://www.facebook.com/groups/18362946501/</a><BR><BR><b>Tuesdays and Thursdays<BR></b><ul><li>Lessons 7pm - 9pm</li><li>Dance 9pm - 11:15pm</li></ul><p><font face=""Arial,Helvetica,Geneva,Swiss,SunSans-Regular"" size=""-1"">$15 Lessons &amp; Dance.<BR></font><font face=""Arial,Helvetica,Geneva,Swiss,SunSans-Regular"" size=""-1"">$12 for Beginner WCS Lessons &amp; Dance<BR></font><font face=""Arial,Helvetica,Geneva,Swiss,SunSans-Regular"" size=""-1"">$8 Dance and/or socialize until close</font></p><p><b>Student Discounts</b><BR></p><p><font face=""Arial,Helvetica,Geneva,Swiss,SunSans-Regular""><font face=""Arial,Helvetica,Geneva,Swiss,SunSans-Regular"" size=""-1"">High School students up to 18 years old = $8 Any lessons (dance included at no cost)<BR></font></font></p><p><font face=""Arial,Helvetica,Geneva,Swiss,SunSans-Regular""><font face=""Arial,Helvetica,Geneva,Swiss,SunSans-Regular"" size=""-1"">College students up to 22 years old = $10<BR></font></font></p><p><font face=""Arial,Helvetica,Geneva,Swiss,SunSans-Regular""><font face=""Arial,Helvetica,Geneva,Swiss,SunSans-Regular"" size=""-1"">Any lessons (dance included at no cost)<BR>$8 Dance &amp;/or socialize until close</font></font></p><BR><BR><BR><BR>56 Pond Ln, Arlington, MA 02474<BR><img src=""https://cbks0.google.com/cbk?output=thumbnail&amp;w=90&amp;h=68&amp;ll=42.411649,-71.151950&amp;thumb=0"">"
"-71.120361","42.373798","The Dancing Fools","<a href=""https://www.facebook.com/thedancingfools"" target=""_blank"">https://www.facebook.com/thedancingfools</a><BR><BR><b>Wednesdays</b><BR><ul><li>Lesson 8pm - 9pm</li><li>Dance 9pm - Midnight<BR></li></ul><BR>50 Church Street, Cambridge, MA 02138<BR>"
"-71.348991","42.459000","The Swing Dance Studio","<a href=""http://www.theswingdancestudio.com/"" target=""_blank"">www.theswingdancestudio.com</a><BR><a href=""https://www.facebook.com/groups/373162002756097/"" target=""_blank"">https://www.facebook.com/groups/373162002756097/</a><BR><BR>Check website or group for dance schedule updates.<BR><BR>51 Walden St, Concord, MA 01742<BR><img src=""https://cbks0.google.com/cbk?output=thumbnail&amp;w=90&amp;h=68&amp;ll=42.459001,-71.348989&amp;thumb=0"">"
"-110.873978","32.250511","Sonoran Ballroom Co","<div dir=""ltr""><a href=""http://tsdc.net/"" target=""_blank"">http://tsdc.net/</a><BR>Tucson Swing Dance Club meets Thursdays.  Beginner lesson 7pm.<BR>Intermediate lesson 8 pm<BR>Open dancing 8:30 - 10:30 pm<BR>Free for first time visitors.<BR>$4 members/$6 non members</div>"
"-122.387955","37.758198","""Just Knock"" WCS @ The Dance Loft","<div dir=""ltr""><a href=""http://melissarutz.com/justknockwcs.php"" target=""_blank"">http://melissarutz.com/justknockwcs.php</a><BR><a href=""https://www.facebook.com/groups/thedanceloft/"" target=""_blank"">https://www.facebook.com/groups/thedanceloft/</a><BR>Monthly on Monday night. Check website for details.<BR><BR>The Dance Loft<BR>2475 3rd Street<BR>Suite #311<BR>San Francisco, CA 94107<BR><a href=""http://www.valcunningham.com"" target=""_blank"">www.valcunningham.com</a><BR><BR>Instructor &amp; DJ: Melissa Rutz<BR><BR>7-7:45pm : Beginning WCS Lesson<BR>7:45-8:30pm : Intermediate WCS Lesson<BR>8:30-11:30pm : Dance Party<BR><BR>Cost:<BR>$20 two classes &amp; dance<BR>$15 one class &amp; dance<BR>$10 Dance Only<BR>(All-Stars get in free!)<BR><BR>JUST KNOCK ON THE DOOR WHEN YOU GET THERE!</div>"
"-122.325554","37.569157","""B"" Street Boogie","<div dir=""ltr""><a href=""http://www.michelledance.com/wednesday.html"" target=""_blank"">http://www.michelledance.com/wednesday.html</a></div><div dir=""ltr""><BR>West Coast Swing Wednsedays</div><div dir=""ltr""><span style=""font-size:10pt"">&nbsp;</span></div><div dir=""ltr"">Lessons:&nbsp;</div><div dir=""ltr"">Level 1: Beginner</div><div dir=""ltr"">Level 2: Advanced Beginner</div><div dir=""ltr"">Level 3: Intermediate</div><div dir=""ltr"">Level 4: Advanced</div><div dir=""ltr""><BR><span style=""font-size:medium;background-color:rgb(255, 255, 255)"">7:00pm-7:45pm ... Levels 1 &amp; 3&nbsp;</span></div><div dir=""ltr""><span style=""background-color:rgb(255, 255, 255)""><span style=""font-size:medium"">7:45pm-8:30pm ... Levels 2 &amp; 4</span><br style=""font-size:medium""><span style=""font-size:medium"">8:30pm-11:00pm ... Dancing to Music Mix w/ DJ, Michelle</span><br style=""font-size:medium""><br style=""font-size:medium""><b style=""font-size:medium"">Lessons &amp; Dancing (7-11pm): $12&nbsp;<BR>Open Dancing (after 8:30pm): $7</b></span></div><div dir=""ltr""><BR>Contact Information:<BR>Michelle Kinkaid; Tel: (415) 585-6282<BR>Email: wcdancer@ix.netcom.com </div>"
"-82.786278","27.839834","Crystal Blue Ballroom","<div dir=""ltr"">Friday Night WCS dances.<BR>Here is the calendar.<BR><a href=""http://www.tbwcsa.com/events/month.calendar/2013/06/03/"" target=""_blank"">http://www.tbwcsa.com/events/month.calendar/2013/06/03/</a><BR><BR>$10 Non-members<BR>$5 Members<BR>$35 twelve month membership</div>"
"-84.376503","33.829891","Wicked Westie","<div dir=""ltr""><a href=""http://www.wickedwestie.com/"" target=""_blank"">www.wickedwestie.com</a><BR><BR>Thursday nights Time: 7:00pm - 11:00pm<BR><BR>Cost: $5 to $10,<BR><BR>Lessons from 7:00pm - 7:45pm and 7:45pm - 8:30pm<BR><BR>Dance from 8:30pm - 11:00pm<BR>Held in the Garden Hills Community Center</div>"
"-82.727570","27.864574","Bayou Dance Club",""
"-80.096970","26.709934","Sultry Swing Dance Studio","<div dir=""ltr"">Danielle Blouin-Oats Floorplay dances on the 1st and 4th Saturdays of the month.<BR>$10</div>"
"-1.843670","50.720654","Dorset Dance @ Murrells","<div style=""text-align:-webkit-auto""><span style=""background-color:rgb(255, 255, 255);color:rgb(51, 51, 51);font-size:10pt;line-height:16px;text-align:left"">Weekly Thursday Night WCS Class with Steve Hunt &amp; Rachel Martin, 8-11pm, £7 on the door.</span></div><div style=""text-align:-webkit-auto""><span style=""background-color:rgb(255, 255, 255);color:rgb(51, 51, 51);line-height:16px;text-align:left;font-size:10pt"">Monthly Sunday workshop &amp; tea dances.</span></div><div style=""text-align:-webkit-auto""><span style=""font-size:10pt;background-color:rgb(255, 255, 255);text-align:left""><font face=""arial"">Murrells Dance Studio,&nbsp;</font></span><span style=""font-size:10pt;background-color:rgb(255, 255, 255);color:rgb(51, 51, 51);line-height:16px;text-align:left"">Undercliff Road, Boscombe, BH5 1BN (Above Harvester)</span></div><div style=""text-align:-webkit-auto""><span style=""background-color:rgb(255, 255, 255);color:rgb(51, 51, 51);line-height:16px;text-align:left;font-size:10pt"">See website for further details www.dorsetdance.com&nbsp;</span></div>"
"10.393066","63.411198","Norway Westie Fest, Trondheim, Norway","<div dir=""ltr"">http://www.westie-fest.com/<BR><BR>http://www.wcs.no/<BR><BR>West Coast Swing Events, local classes and socialdancing.</div>"
"-38.537357","-3.737387","Cia Soul Dança","<div dir=""ltr"" style=""font-family:arial;font-size:10pt""><a href=""http://www.facebook.com/ciasouldanca?fref=ts"" target=""_blank"">http://www.facebook.com/ciasouldanca?fref=ts</a><BR><BR><p><span style=""font-size:9.0pt;font-family:Arial;color:#333333;background:white"">- Cia Soul Dança é uma iniciativa dos Professores de Dança<BR>Bruno Líneker &amp; Clau Batista visando a socialização da dança,&nbsp;</span>além de contribuir para a inserção do West Coast Swing<BR>(Principal Ritmo da Companhia) na cidade de Fortaleza.<BR>- Aulas todos os sábados de WCS, Samba &amp; Zouk.</p><p><BR></p><BR><p><span style=""font-size:9.0pt;font-family:Arial;color:#333333;background:white"">&nbsp;</span><span style=""background-color:rgb(247, 247, 247);color:rgb(62, 69, 76);font-family:Arial;font-size:9pt"">- Cia Soul Dança is an<BR>initiative of the teachers Bruno Lineker &amp; Clau Batista for dance<BR>socialization and contribution for the West Coast Swing's insertion (Main<BR>Rhythm of the Company) in </span>Fortaleza<BR>City<span style=""background-color:rgb(247, 247, 247);color:rgb(62, 69, 76);font-family:Arial;font-size:9pt"">.</span></p><span lang=""EN-US"" style=""font-size:9.0pt;font-family:Arial;color:#3E454C""><BR><span style=""background:#F7F7F7""><span style=""white-space:pre-wrap"">- WCS,<BR>Samba &amp; Zouk Classes every Saturday</span>.</span></span><BR><p><span style=""font-size:10.0pt;font-family:Arial;color:#333333;background:white"">&nbsp;</span></p><BR><p><BR></p></div>"
"-122.659363","45.518024","Melody Ballroom","<a href=""http://www.portlanddancing.com/moreinfo.aspx?moreinfo=1870"" target=""_blank"">http://www.portlanddancing.com/moreinfo.aspx?moreinfo=1870</a><BR><BR><BR>"
"-0.433960","51.484802","New Year's Swing Fling","<div dir=""ltr"">London based WCS event 28th December 2013 - 1st January 2014. Top international line up, 4 star hotel, 4 nights of parties, NYE dinner, 40hrs of multilevelled workshops. Passes start from £79.<BR>http://www.dorsetdance.com/newyearswingflingbookings.html</div>"
"11.974228","57.689072","Chalmers Dance Society","<div dir=""ltr"">Every other sunday, 18-21 CET. 50 SEK floor fee.<BR><a href=""http://tinyurl.com/l6bkjd6"" target=""_blank"">http://tinyurl.com/l6bkjd6</a><BR><BR><img src=""https://cbks0.google.com/cbk?output=thumbnail&amp;w=90&amp;h=68&amp;ll=57.689073,11.974228&amp;thumb=0""><BR></div>"
"-87.860245","41.944099","Chicago Rebels Swing Dance Club",""
"-88.242188","41.771313","Chicago Rebels Swing Dance Club",""
"-111.660835","40.234066","South Town Swing","Every Tuesday Night<BR>$5 for Students<BR>$7 for Non-Students<BR>$4 for anyone before 9;30 PM<BR><BR>Beginning and Intermediate lessons start at 8 PM<BR>Dancing starts at 9 PM<BR>Goes until 12:30 AM<BR><BR>West Coast Swing all night on the main floor<BR>Blues Dancing on the back floor<BR>Our Website:<BR>http://www.southtownswing.com/<BR><BR>Our Facebook Group:<BR>https://www.facebook.com/groups/southtownswing/<BR><BR>Like us on facebook!<BR>https://www.facebook.com/SouthTownSwing<BR><BR><img src=""https://cbks0.google.com/cbk?output=thumbnail&amp;w=90&amp;h=68&amp;ll=40.234073,-111.660869&amp;thumb=0"">"
"-122.295929","37.839531","Allegro Ballroom",""
"-122.295929","37.839531","Next Generation Monthly","<div style=""font-family:arial;font-size:10pt""><BR>&nbsp;</div><div style=""font-family:arial;font-size:10pt"">Monthly Dance (Saturday). See site for details.</div><div style=""font-family:arial;font-size:10pt""><a href=""http://www.nextgenswingdance.com/"" style=""font-size:10pt"" target=""_blank"">http://www.nextgenswingdance.com/</a></div><div style=""font-family:arial;font-size:10pt""><BR>&nbsp;</div><div><font face=""arial"" size=""2"">Beginning WCS Dance lesson 7-8 PM</font></div><div><font face=""arial"" size=""2"">Dance: 6PM until close (Midnight).</font></div><div><ul><li><span style=""background-color:rgb(255, 255, 255);font-family:Verdana, Arial, Helvetica, sans-serif;font-size:small"">$7 member&nbsp;</span></li><li><span style=""background-color:rgb(255, 255, 255);font-family:Verdana, Arial, Helvetica, sans-serif;font-size:small"">$12 non-member</span></li><li><span style=""background-color:rgb(255, 255, 255);font-family:Verdana, Arial, Helvetica, sans-serif;font-size:small"">$5 student&nbsp;</span></li></ul></div><div><span style=""font-family:Verdana, Arial, Helvetica, sans-serif;background-color:rgb(255, 255, 255)""><font size=""1"">Entrance fee includes the lesson and dance.</font></span><font face=""Arial, Arial, Helvetica, sans-serif"" style=""background-color:rgb(255, 255, 255)""><font><font><font size=""1"">These prices are in effect until 9 PM</font><font size=""2"">.</font></font></font></font></div>"
"-122.079224","37.413799","Thursday WCS with Richard Kear","<div dir=""ltr"">http://www.cherylburkedance.com/mountain-view/<BR><BR>Thursday Night WCS Lesson: 8-9pm ($12)<BR><BR>Social Dancing: 9-11pm ($10)</div>"
"-121.918076","37.262375","West Coast Swing Classes","<h2 style=""padding:0px;margin:1.833em 0px 0.611em;color:rgb(17, 17, 17);line-height:1.222em""><a href=""http://www.danceboulevard.com/west-coast-swing/"" target=""_blank""><font size=""2"">http://www.danceboulevard.com/west-coast-swing/</font></a></h2><h2 style=""font-size:10pt;padding:0px;margin:1.833em 0px 0.611em;color:rgb(17, 17, 17);line-height:1.222em""><span style=""background-color:rgb(255, 255, 255)""><font size=""2"">Richard Kear’s Monday Night West Coast Swing Class and Party</font></span></h2><p style=""font-size:14px;padding:0px;margin:0px 0px 1.571em;color:rgb(17, 17, 17);line-height:21.984375px""><span style=""background-color:rgb(255, 255, 255)"">7:15 Beginner West Coast Swing<br style=""padding:0px;margin:0px"">8:15 Intermediate West Coast Swing<br style=""padding:0px;margin:0px"">9:15 West Coast Swing Party with DJ Richard Kear<br style=""padding:0px;margin:0px"">$12/class<br style=""padding:0px;margin:0px"">$12/class and party</span></p><h3 style=""font-size:1.286em;padding:0px;margin:1.833em 0px 0.611em;font-weight:normal;line-height:1.222em;color:rgb(17, 17, 17)""><span style=""background-color:rgb(255, 255, 255)"">Tuesday Night West Coast Swing Series Class with Kim Delli Santi &amp; Jack</span></h3><p style=""font-size:14px;padding:0px;margin:0px 0px 1.571em;color:rgb(17, 17, 17);line-height:21.984375px""><span style=""background-color:rgb(255, 255, 255)"">Tuesday 7:00 pm<br style=""padding:0px;margin:0px"">$50 for 4 weeks<br style=""padding:0px;margin:0px"">$15 drop in</span></p><h3 style=""font-size:1.286em;padding:0px;margin:1.833em 0px 0.611em;font-weight:normal;line-height:1.222em;color:rgb(17, 17, 17)""><span style=""background-color:rgb(255, 255, 255)"">Friday Night West Coast Swing</span></h3><p style=""font-size:14px;padding:0px;margin:0px 0px 1.571em;color:rgb(17, 17, 17);line-height:21.984375px""><span style=""background-color:rgb(255, 255, 255)"">7:30 Beginning West Coast Swing taught by Dance Boulevard’s finest!<br style=""padding:0px;margin:0px"">7:30 Intermediate West Coast Swing with top instructors from the Bay Area and beyond. We are pleased to host instructors like Miguel de Sousa, Joanna Meinl, Luis Crespo, Kurt Senser, Heather Powers, Rome and Chevy Slater and more!<br style=""padding:0px;margin:0px"">8:30 West Coast Swing Dance with DJ Michael O’ Connor<br style=""padding:0px;margin:0px"">$12 for the evening.</span></p><div dir=""ltr"" style=""font-size:10pt""></div>"
"103.855843","1.298824","Mosaic Dance Singapore","<div>WCS Social every Tue Night from 10pm-12.30mn&nbsp;</div><div><BR>&nbsp;</div><a href=""http://www.mosaicdance.com.sg"" target=""_blank"">www.mosaicdance.com.sg</a><BR><BR>520 North Bridge Road<div>Level 5</div><div>Singapore 188742</div><div><BR>&nbsp;</div><div>Tel: +65 6884 5440&nbsp;</div><div>Email: info@mosaicdance.com.sg</div>"
"103.847740","1.299249","Jitterbugs Swingapore","<div dir=""ltr"">WCS Social every Fri night from 9.30pm to 1am, $5 per entry</div>"
"-115.208702","36.128605","Broadway Hall","<div dir=""ltr"">Every Friday at 8pm. Beginner lesson 8-8:30pm (no additional cost), open dancing 8:30pm till midnight.<BR><BR>$5 to get in.<BR><BR><a href=""http://rhythmicsouls.com/"" target=""_blank"">http://rhythmicsouls.com/</a><BR><BR><a href=""https://www.facebook.com/rhythmicsouls"" target=""_blank"">https://www.facebook.com/rhythmicsouls</a><BR></div>"
"174.854019","-36.900326","swingFX",""
"175.078125","-39.368279","swingFX","<div dir=""ltr""><a href=""http://www.swingFX.co.nz"" target=""_blank"">www.swingFX.co.nz</a><BR><BR>Monday: beg &amp; int classes and social dancing till late.<BR>1st Friday of the month is our party night.<BR>see website for full details</div>"
"151.146790","-33.890125","West Coast Swing Australia","<div dir=""ltr""><span style=""font-weight:bold"">West Coast Swing Australia at the Lewisham Hotel</span><BR><BR>Every Tuesday 7:30pm - 10:30pm<BR>Cost $15<BR>Beginner &amp; Intermediate Classes + Social Dancing.<BR>Extended Social Dancing last week of every month<BR><BR>Visit us on Facebook - <a href=""http://www.facebook.com/dancewcsa"" target=""_blank"">www.facebook.com/dancewcsa</a></div>"
"-106.655273","52.126743","Toon Town Tavern","<div dir=""ltr"">West Coast Swing Saskatoon<BR>Every Thursday night<BR>beginner lesson from 730pm-830pm<BR>intermediate from 830pm-900pm<BR>Dance till close<BR><BR>3rd Saturday of every month is our West Coast Swing Dance party from 9pm till close . non stop music and dance..<BR>no cover.<BR>good size dance floor<BR>age 19+<BR>&nbsp;</div>"
"-114.087738","50.974319","WCSwing Calgary","<div dir=""ltr"">Westies Welcome!<BR>Most Fridays Sept to June 8:30-11:30pm<BR>One dance a month in summer...<BR>For more info and to keep up with happening in the Calgary WCS community please join us on<BR>Facebook: WCSwing Calgary</div>"
"-123.111526","49.282036","Westcoast Swing Fanatics (on Facebook)","Westcoast swing dancing information for Vancouver and surrounding areas. Sign up for weekly newsletter of all local venues at www.westcoastdance.ca<div><BR>&nbsp;</div><div>Usually something every Tuesday, Friday, Saturday, Sunday!</div>"
"150.999146","-33.813702","Nuroc Dance Company","<div dir=""ltr"">Learn to Dance in Sydney with Nuroc Dance Company. West Coast Swing Dance Classes held twice a week along with regular dance parties!  Website <a href=""http://www.nuroc.com.au"" target=""_blank"">www.nuroc.com.au</a> for full details! </div>"
"-122.340057","47.637287","China Harbor Restaurant","<div dir=""ltr"">West Coast Swing on Thursday Evenings.<BR><BR>Lessons at 7 PM (BEG), 8 PM (INT)<BR>Dancing from 9 PM to 11:30 PM<BR><BR>Entry Cost: $10<BR><BR>Contact: Tony Azar<BR><BR>More information at www.dancebook.org</div>"
"-122.192001","47.680298","Song Scout Saturdays at KDC","<div dir=""ltr"">Venue: Kirkland Dance Center<BR><BR>Intermediate Lesson from 8:30 - 9:30 PM.<BR>Dance from 9:30 PM - 1:30 AM.  $10.<BR><BR>Dance+Lesson $15.<BR><BR>Hosted by Song Scout (Paul and Melinda Booth)<BR>More information at SongScout.net</div>"
"150.979584","-33.727718","Nuroc Dance Company",""
"-122.164581","47.623219","WCS at Harmony Ballroom","<div dir=""ltr"">WCS Wednesdays at Harmony Ballroom in Bellevue.<BR>Come out for a fun night of West Coast Swing dancing. Your DJ and instructor is SCOT McKAY. Scot will teach a drop-in beginning West Coast Swing lesson from 7:30 to 8:30 PM. Dance from 8:30 to 11:00 PM to a mix of Blues and Contemporary music. You'll learn something new each week in a free mini move lesson at 9:30 PM. The pre-dance lesson is $8, dance admission is also $8, or $13 for both. Held at the wonderful Harmony Ballroom, 1407 132nd Ave NE #7, Bellevue; www.harmonyballroom.com. For more info - or to make advance song requests which Scot always likes to receive - contact Scot at tinboy66@hotmail.com or 206-227-4277.</div>"
"-122.192047","47.680450","Kirkland Dance Center",""
"-93.126053","45.004288","MWCSDC","<div dir=""ltr"">MWCSDC is a group of West Coast Swing dancers that holds two dances a month at the B-Dale club at 2100 Dale St. N, Roseville, MN 55113<BR><BR>Dances are held the 2nd &amp; 4th Fridays of each month and feature a free one-hour lesson (with paid admission).<BR>Cost for dances is $5 for members &amp; students, $8 for non-members. Special Events include an Anniversary Dance, Picnic, and Holiday Dance. </div>"
"-149.568253","-17.534407","Tahiti Swing","<div dir=""ltr""><a href=""http://tahitiswing.fr"" target=""_blank"">http://tahitiswing.fr</a><BR><BR>Lessons on Wednesday, from 6pm to 9pm (beginners &amp; inter)<BR><BR>Open dancing on Friday, 9pm<BR><BR><b>TAHITI SWING</b><BR>Website : <a href=""http://tahitiswing.fr"" target=""_blank"">http://tahitiswing.fr</a><BR>Tel : (+689) 33 33 03<BR>Email : tahitiswing@yahoo.fr<BR>Facebook : Mur TahitiSwing<BR><BR>Address :<BR>Paradise Night Club<BR>Papeete, Tahiti, Polynésie Française<BR></div>"
"139.623901","35.438908","Night FIRE","<div dir=""ltr"">https://www.facebook.com/nfyokohama<BR>WCS every Tuesday<BR>7:30pm-8:00pm Beginner<BR>8:00pm-8:50pm Intermediate<BR>8:50pm-11:00pm Social Dancing<BR>Lesson 2500JPY W1D<BR>Social 1500JPY W1D</div>"
"3.164063","47.040180","Placemark 58",""
"146.819366","-19.257648","West Coast Swing in Townsville @ Movimiento","<div dir=""ltr"">https://www.facebook.com/pages/West-Coast-Swing-Townsville<BR><BR>Thursdays 8pm-10:30pm</div>"
"-87.915794","41.862160","West Coast Wednesdays","<div dir=""ltr"">Chicago’s West Coast Wednesdays where we dance west coast swing (WCS) every Wednesday.<BR><BR>– 7:00 – Beginner WCS Lesson<BR>–  7:45 –  Intermediate WCS Lesson<BR>–  8:30–11:15 (or later) – Open Dancing<BR><BR>The cost:<BR><BR>–  $6 – Admission to West Coast Wednesdays<BR>–  $5 – The cost per lesson</div>"
"149.122589","-35.264816","David St","Turner ACT 2612, Australia<BR><img src=""https://cbks0.google.com/cbk?output=thumbnail&amp;w=90&amp;h=68&amp;ll=-35.264818,149.122590&amp;thumb=0"">"
"149.122589","-35.264816","David St","Turner ACT 2612, Australia<BR><img src=""https://cbks0.google.com/cbk?output=thumbnail&amp;w=90&amp;h=68&amp;ll=-35.264818,149.122590&amp;thumb=0"">"
"-87.915794","41.862160","West Coast Wednesdays",""
"-89.384766","43.036777","Madison WCS at Badger Bowl","<div dir=""ltr"">Intermediate Lessons<BR>Intermediate lessons are offered from 7:30 to 8:00 pm at a cost of $5 per person (includes the dance at 8:00 pm).<BR><BR>Beginner Lessons<BR>Learn West Coast Swing Basics! For dates and pricing of lessons, visit the ""WCS Level 1"" link under ""Dance Lessons.""<BR><BR>Open Dancing 8:00 - 9:30 pm<BR>The best pop, jazz, swing, blues, disco and R&amp;B. Cost: $5 per person.<BR><BR>For more info, see http://mwcsc.org/</div>"
"34.774261","32.078865","Dance Tel Aviv","<div dir=""ltr"">Tuesday nights:<BR>98 Dizengoff St.<BR>Tel Aviv, Israel<BR><BR>Classes 8:30-10:30pm<BR>Open Dancing 10:30pm-2am or later...<BR><BR>http://www.dancetelaviv.co.il/</div>"
"-93.239166","44.934349","Social Dance Studio","<div dir=""ltr"">WCS classes every Monday (see website for class times &amp; pricing)<BR>WCS Practice every Monday, 9p-11p, $5 cover ($3 with same day class attendance)<BR>Club Swing - 2nd Saturday of every month, lesson from 7-8p, dancing 8p-11p, cover $10 for lesson &amp; dance, $5 for dance only. </div>"
"-93.124527","44.844540","Starks Saloon","<div dir=""ltr"">3rd Friday West Coast Swing &amp; Variety dance, cover is $5.00, no outside beverages allowed.<BR>Country night every Wednesday and most Saturday's.  Check website for updated details, dates &amp; times.</div>"
"-93.239189","44.934319","Twin Cities Rebels","<div dir=""ltr"">Classes offered on Sunday's at Social Dance Studio in Minneapolis.&nbsp;&nbsp;</div><div dir=""ltr"">See TCRebels.com website for details.<BR>&nbsp;</div><div dir=""ltr"">Dances every 1st and 3rd Sunday, 7p-1030p; cover $7 for members and students with ID, $11 for guests<BR><BR>Special Events:<BR>Spring, 2nd week of June, Anniversary Dance<BR>Fall, end of October, Masquerade Ball/Weekend</div>"
"-93.162025","44.953617","Dancers Studio","<div dir=""ltr"">Classes offered Wednesday with Practice hour from 9-10p<BR>See Website for class info, times &amp; cost.</div>"
"-105.083427","39.657448","State of the Arts Dance Studio","<div dir=""ltr""><a href=""http://www.sotadancedenver.com/"" target=""_blank"">http://www.sotadancedenver.com/ </a><BR><BR>Classes Monday-Saturday for all levels.  Social dance Party Nights every 4th Friday &amp; 3rd Saturday of the Month 3265 S Wadsworth Blvd Lakewood 80227</div>"
"-87.891655","42.998089","Milwaukee Rebels Swing Dance Club","<div dir=""ltr""><font color=""#ff0000""><b>www.milwaukeerebels.com</b></font><BR><BR><font color=""#3333ff"">Milwaukee Rebels Swing Dance Club<BR>2499 S Delaware Avenue<BR>Milwaukee, WI  53207</font><BR><BR><font color=""#6633ff""><b>West Coast Swing Lessons with Mike Konkel &amp; Sheli Schroeder<BR><font color=""#000099"">Most Sundays </font><BR><font color=""#000099"">6:30 PM Beg WCS Lesson<BR></font></b><font color=""#000099""><i>Members: FREE, Nonmembers: $10</i><b><BR>7:30 PM Intermediate WCS Lesson</b><BR><i>Members: $5, Nonmembers: $10</i><BR><BR><i>Optional yearly membership: $25</i></font></font><BR><font color=""#ff0000""><b>www.milwaukeerebels.com</b></font><BR></div>"
"-87.906631","43.022713","Milwaukee Rebels Swing Dance Club","<font color=""#ff0000""><b>www.milwaukeerebels.com</b></font><BR><BR><font color=""#3333ff"">Milwaukee Rebels Swing Dance Club<BR>Social Dance Night at Hot Water Night Club<BR>818 South Water Street<BR>Milwaukee, WI  53204</font><BR><BR><font color=""#6633ff""><b>2nd &amp; 4th Wednesday of the month<BR>8 PM West Coast Swing Social Dance<BR></b><i>$5 Cover Charge</i><i></i></font><BR><font color=""#ff0000""><b>www.milwaukeerebels.com</b></font>"
"115.913033","-31.948540","DSD StreetSwing","<div dir=""ltr"">http://streetswing.com.au/<BR><BR>Headed by Jessie Vos and Madeleine Platts,  DSD Street Swing is one of Perth’s largest social dance clubs, where you will learn a smooth, creative &amp; extremely popular dance style.<BR><BR>DSD Thursdays<BR>Bar / $15 A / $10 S / Join Other New People<BR>Maylands Bowls Club<BR>50 Clarkson Rd Maylands<BR>7:30-10:15ish<BR>7:30-8:00 Beginner Class<BR>8:00-8:30 Social<BR>8:30-9:15 Beginner Revision (Room 2) + Intermediate<BR>9:15-10:15 Social<BR>We have something for all levels every week. Learn at your own pace and tick off the 8 base moves to be eligible for Intermediate class. No rush, learning is casual from week to week.<BR><BR>-DSD Open Nights-<BR>BYO / $20 Entry / Join Other New People<BR>First Friday Of Every Month<BR>Doors Open 8pm<BR>Where<BR>Mount Hawthorn Main Hall<BR>197 Scarborough Beach Road, Mt Hawthorn<BR>What<BR>New to DSD<BR>- Open Nights are perfect for new people to come and check out why so many people dance at DSD or even at all. Dance whaaaat?<BR>Expected;<BR>- Beginner tester class<BR>- BYO alcohol<BR>- Snack food provided<BR>- Performances<BR>- Great music<BR>Unexpected;<BR>* Pumped Up Kicks Edition</div>"
"-97.558594","29.840645","Austin City Dance Club, Inc.","<div>Non-profit dance membership club featuring classes and social dancing in West Coast Swing and Hustle.&nbsp;</div><div><BR>&nbsp;</div><div>Every Tuesday 6-11pm</div><div><BR>&nbsp;</div><div>Instructors: Mike Topel, Angel &amp; Debbie Figueroa, Taletha Jouzdanie and Emily Washburn</div><div><a href=""http://austincitydanceclub.com/"" target=""_blank"">http://austincitydanceclub.com/</a></div><div>https://facebook.com/austincitydanceclub</div><div><BR>&nbsp;</div><div><BR>&nbsp;</div><div><BR>&nbsp;</div>Austin, TX 78757<BR><img src=""https://cbks0.google.com/cbk?output=thumbnail&amp;w=90&amp;h=68&amp;ll=30.358061,-97.738057&amp;thumb=0"">"
"-122.853622","42.404221","Evergreen Ballroom","<div dir=""ltr"">Thursday Nights:<BR><BR>7-8 Lessons<BR>8-9:30 Dancing<BR><BR>$6 Adults<BR>$5 Students<BR>$3 Dance Only</div>"
"26.123096","44.439510","Triple Step Swing Club",""
"-115.045799","36.079819","Rhythmic Souls","<div dir=""ltr"">We teach out of Academy of Gymnastics and Dance<BR>1000 Stephanie Place<BR>Henderson NV 89014</div><img src=""https://cbks0.google.com/cbk?output=thumbnail&amp;w=90&amp;h=68&amp;ll=36.079818,-115.045803&amp;thumb=0"">"
"-115.045799","36.079819","Rhythmic Souls Dance","<div dir=""ltr""><a href=""http://www.rhythmicsouls.com"" target=""_blank"">www.rhythmicsouls.com</a><BR><BR>We rent space all over the valley:<BR><BR>Academy of Gymnastics and Dance<BR>1000 Stephanie Place<BR>Henderson NV 89014<BR>West Coast Swing Classes on Wednesdays 7pm-9pm: $13 drop in class/$40 for 4-week session<BR><BR>Zemskov Dance Academy<BR>7835 S. Rainbow Blvd.<BR>Las Vegas, NV 89139<BR><BR>Broadway Hall<BR>3375 S. Decatur Blvd<BR>Las Vegas, NV 89102<BR>West Coast Swing parties and workshops: 7pm-12am, $16 before 8pm/$5 after 8pm: please check schedule for workshops</div><img src=""https://cbks0.google.com/cbk?output=thumbnail&amp;w=90&amp;h=68&amp;ll=36.079818,-115.045803&amp;thumb=0"">"
"-73.991547","41.955151","Hudson Valley West Coast Swing","<div dir=""ltr"">www.HudsonValleyWCS.com Thursdays Beginner lesson 7pm - Beyond the Basics 7:45, Dance 8:30-10pm. $10 One or both classes $5 Dance</div>"
"153.043259","-27.508108","Raw Connection WCS Brisbane, Australia","<div dir=""ltr"">www.rawconnection.com.au<BR>Drop in classes every Tuesday &amp; Thursday night.<BR>7pm -10pm including social dancing. $15 nightly entry or discounted multi class passes available.</div>"
"127.033455","37.496346","Westie Korea","<font face=""arial"" size=""2"" style=""background-color:rgb(255, 255, 255)"">""Westie Korea"" @ Bar Tiffany</font><div><font face=""arial"" size=""2"" style=""background-color:rgb(255, 255, 255)""><a href=""http://www.facebook.com/groups/202425312148"" target=""_blank"">https://www.facebook.com/groups/202425312148</a></font></div><div style=""font-family:arial;font-size:10pt""><span style=""background-color:rgb(255, 255, 255)""><BR></span></div><div style=""font-size:10pt""><span style=""background-color:rgb(255, 255, 255)""><span style=""font-family:arial, helvetica, sans-serif"">WCS lessons and dancing every Sunday&nbsp;</span><BR><span style=""font-family:arial, helvetica, sans-serif"">Social dancing 7:30 ~&nbsp;</span></span></div><div style=""font-size:10pt""><span style=""font-family:arial, helvetica, sans-serif;background-color:rgb(255, 255, 255)"">Floor Fee 8,000 KRW (includes one beverage)</span></div><div style=""font-size:10pt""><BR>&nbsp;</div>"
"-93.257927","45.039722","Murzyn Hall: MWCSD","http://mnwestcoastswingdanceclub.com/<BR>Location for holiday dance (2nd Friday of December), and anniversary dance (2nd Friday of May) for MWSCD.<BR><BR>Minneapolis, MN 55421<BR><img src=""https://cbks0.google.com/cbk?output=thumbnail&amp;w=90&amp;h=68&amp;ll=45.039722,-93.257930&amp;thumb=0"">"
"-104.989647","39.618999","Overstreet Dance","http://www.overstreetdancegallery.com/<BR>Thursday Night West Coast Swing Dance<BR>Three Lessons (Beg., Int., &amp; Adv.): 7-8PM<BR>Social Dance: 8-11pm<BR><a href=""http://www.overstreetdancegallery.com/prices"" target=""_blank"">Prices:</a> $10 lesson + dance; $6 dance only; $5 students<BR><BR>3rd Saturday WCS Dance with Shane and Keri<BR><BR>Beg./Int. Lesson: 7-8PM<BR>Social Dance: 8-11pm<BR><a href=""http://www.overstreetdancegallery.com/prices"" target=""_blank"">Prices:</a> $10 lesson + dance; $5 dance only; $5 students for both<BR>Littleton, CO 80120<BR><img src=""https://cbks0.google.com/cbk?output=thumbnail&amp;w=90&amp;h=68&amp;ll=39.619000,-104.989646&amp;thumb=0"">"
"127.025299","37.505775","Swing Bar","WCS Social dance&nbsp;<div>Every Wednesday 8:30 ~</div><div><BR>&nbsp;</div><div>Floor fee 6,000 KRW (Includes one beverage)</div>"
"-123.122147","49.280010","Urban Beat Dance Co - 'Vancouver's Best'-Vancouver Magazine",""
"-123.122147","49.280010","Urban Beat Dance Co.","<div dir=""ltr""><b>Sundays	</b><BR><ul><li><span style=""font-size:10pt"">8:45pm - 11pm&nbsp;</span></li><li><span style=""font-size:10pt"">$5 cover</span></li></ul><b>Tuesdays</b><BR><ul><li><span style=""font-size:10pt"">8:30pm - 11pm</span></li><li><span style=""font-size:10pt"">$3 cover&nbsp;</span></li></ul>Connect with Vancouver WCS dancers here:<BR><a href=""http://www.facebook.com/groups/vancouverwcs/"" target=""_blank"">www.facebook.com/groups/vancouverwcs/</a><BR><BR><BR></div>"
"-123.125847","49.278950","Just Wanna Dance! West Coast Swing","<div dir=""ltr"" style=""font-family:arial;font-size:10pt"">Vancouver's hottest venue for West Coast Swing dances brought to you monthly by <a href=""http://www.vanswingthing.com"" target=""_blank"">VanSwingThing</a>.<BR><BR><b>When:</b> 3rd Saturday of every month</div><div dir=""ltr"" style=""font-family:arial;font-size:10pt""><BR>&nbsp;</div><div dir=""ltr"" style=""font-family:arial;font-size:10pt""><b>Time:</b></div><div dir=""ltr""><ul><li><font face=""arial"" size=""2""><b>Beginner lesson:</b>&nbsp;</font><span style=""font-family:arial;font-size:small"">7:30 - 8:30pm</span></li><li><font face=""arial"" size=""2""><b>Intermediate lesson:</b>&nbsp;</font><span style=""font-family:arial;font-size:small"">7:30 - 8:30pm</span></li><li><font face=""arial"" size=""2""><b>Dance:</b>&nbsp;</font><span style=""font-family:arial;font-size:small"">8:30 - 12:30am</span></li></ul><font face=""arial"" size=""2""><b><div dir=""ltr""><font face=""arial"" size=""2""><b><BR></b></font></div>Admission:</b></font></div><div dir=""ltr""><ul><li><font face=""arial"" size=""2""><b>Lesson:</b> $6 online, $7 at the door</font></li><li><b style=""font-family:arial;font-size:small"">Dance:</b><span style=""font-family:arial;font-size:small""> $8 till 9:15pm, $10 after</span></li></ul><font face=""arial"" size=""2""><b><div dir=""ltr"" style=""color:rgb(102, 0, 204)""><font color=""#6600cc"" face=""arial"" size=""2""><b><BR></b></font></div><font color=""#ff0000"">Note:</font></b><font color=""#ff0000""> entrance is on Helmcken under the Rhodes College sign.</font></font></div><div dir=""ltr""><font color=""#6600cc"" face=""arial"" size=""2""><BR></font></div><div dir=""ltr""><font color=""#6600cc"" face=""arial"" size=""2""><BR></font></div><div dir=""ltr""><font face=""arial"" size=""2"">Connect with Vancouver WCS dancers here:</font></div><div dir=""ltr""><font face=""arial"" size=""2""><a href=""http://www.facebook.com/groups/vancouverwcs/"" target=""_blank"">www.facebook.com/groups/vancouverwcs/</a></font></div>"
"144.985199","-37.794418","WCS Melbourne","<div dir=""ltr"" style=""font-family:arial;font-size:10pt""></div><div><div><div><font face=""arial"" size=""2"">WCS Melbourne run Thursday night classes.</font></div><div><font face=""arial"" size=""2"">http://wcsmelbourne.com.au/</font></div><div><font face=""arial"" size=""2"">https://www.facebook.com/WCSMelbourne</font></div><div><font face=""arial"" size=""2""><BR></font></div><div><font face=""arial"" size=""2"">What’s New?</font></div><div><font face=""arial"" size=""2"">• Mentoring session: At 7:30pm and 8:30pm Brett and Samantha are at your disposal to answer any questions and help with any patterns or technique you’re having trouble with. We’re introducing these one-on-one mentoring times especially for beginners.</font></div><div><font face=""arial"" size=""2"">• Brett and Samantha teaching every week: You asked for it, you got it! We know you love them individually but together the class always twice as fun, with a great routine, and thorough teaching.</font></div><div><font face=""arial"" size=""2"">• 45 minute classes: Not too long, not too short, and still plenty of time for social dancing</font></div><div><font face=""arial"" size=""2"">• DJ slot: the last 30 minutes is open for any budding DJ’s! Just let Brett and Sammi know if you’d like to DJ the following week and bring along a playlist on your iPod</font></div><div><font face=""arial"" size=""2""><BR></font></div><div><font face=""arial"" size=""2"">So Thursday nights will now look like this:</font></div><div><font face=""arial"" size=""2"">7:30pm Doors open for social dancing, warm up and mentoring</font></div><div><font face=""arial"" size=""2"">7:45pm Beginner class</font></div><div><font face=""arial"" size=""2"">8:30pm Social dancing and mentoring</font></div><div><font face=""arial"" size=""2"">8:45pm Intermediate class</font></div><div><font face=""arial"" size=""2"">9:30-10:00pm Social dancing</font></div><div><font face=""arial"" size=""2""><BR></font></div><div><font face=""arial"" size=""2"">$17 for the whole night (includes 2 classes, mentoring and social dancing)</font></div><div><font face=""arial"" size=""2"">$9 social only (9:30-10pm)</font></div><div style=""font-family:arial;font-size:10pt""><BR>&nbsp;</div></div></div>"
"144.954102","-37.809471","Barefoot Swing","<div><font face=""arial"" size=""2"">Barefoot Swing</font></div><div><font face=""arial"" size=""2"">Monday night classes</font></div><div><font face=""arial"" size=""2""><BR></font></div><div><font face=""arial"" size=""2"">7:00pm - 7:30pmDoors Open &amp; Social Dancing</font></div><div><font face=""arial"" size=""2"">7:30pm - 8:15pmIntermediate Class</font></div><div><font face=""arial"" size=""2"">8:15pm - 8:30pmSocial Dancing Break</font></div><div><font face=""arial"" size=""2"">8:30pm - 9:15pmBeginner &amp; 1st Timer's Class</font></div><div><font face=""arial"" size=""2"">9:15pm - 11:00pmSocial Dancing &amp; Partaay!!</font></div><div><font face=""arial"" size=""2"">11:00pm - 12:00amJoin us at the bar!</font></div><div><font face=""arial"" size=""2""><BR></font></div><div><font face=""arial"" size=""2"">$15 all night</font></div><div><font face=""arial"" size=""2""><BR></font></div><div><font face=""arial"" size=""2"">MELBOURNE CITY BOWLS CLUB</font></div><div><font face=""arial"" size=""2"">FLAGSTAFF GARDENS / DUDLEY ST, WEST MELBOURNE</font></div><div><font face=""arial"" size=""2"">(PARKING AVAILABLE ON &amp; AROUND DUDLEY ST)</font></div><div style=""font-family:arial;font-size:10pt""><BR>&nbsp;</div>"
"24.132328","56.952301","West Coast Swing Latvia parties","<div dir=""ltr"">Every Tuesday at 20:00 in Cafe ""Olīve""<BR>Gertrudes Street 56, Riga</div>"
"-76.968719","39.055351","Hollywood Ballroom",""
"-157.819031","21.277597","Ala Wai Palladium","<div dir=""ltr"">Golf Course Clubhouse, 2nd Floor<BR>404 Kapahulu Ave, Honolulu, HI<BR><BR>May through August there will be dances on the 2nd and last Sundays of the month.<BR><BR>6:30 - 9:15 PM  SDCH Dance<BR><BR>We start with a half hour WCS dance lesson  at 6:30<BR><BR>Bert Burgess play a variety of music to dance to -  WCS, Hustle, NC2 Step, Country 2 step, Waltz, Cha Cha,  Salsa<BR><BR>A light snack, usually pizza, is provided<BR><BR>Members $5<BR>Non Members $8<BR><BR>http://swingdanceclubhawaii.org/Dance_Schedule_and_Events.html</div>"
"139.696793","35.688030","TOKYO WCS BASE!","<div dir=""ltr"">The 2nd Saturday of the month </div><div dir=""ltr"">http://www.tokyoswinggang.com/</div><div dir=""ltr"">https://www.facebook.com/groups/164559766951293<BR><BR>【SCHEDULE】OPEN19:00-CLOSE23:00<BR>　19:00-20:00 Lesson by.JOSE&amp;AYA @1,000yen (biginner/intermediate）<BR>　20:00-23:00 Party @1,500yen<BR>　※Soft drink:charge of free / Beer:300yen<BR>　※You can bring any drinks and food.<BR><BR>【PLACE】Shin-Tokyo Building B1 Floor.<BR>　ADD: 1-19-8 Nishi-shinjuku Shinjuku-ku TOKYO, JAPAN<BR>　ACCESS: 5 minutes walk from ""South Exit""<BR>　　　　　 　　　at JR / Odakyu / Keio Shinjuku Station<BR>　※1F=""KAMO"" soccer shop<BR>　　http://www.sskamo.co.jp/company/store/shinjuku.html<BR>　※Pls do not use the stairs but come by an elevator to the B1.</div>"
"-75.392120","39.917171","Sangha Space","<div dir=""ltr"">First Sunday and Every Tuesday, see details below or at www.robandsheiladance.com<BR><BR>West Coast Swing Every Tuesday<BR>with Rob and Sheila<BR><BR>7:30-8:30 West Coast Swing Intermediates<BR>8:30-9:30 West Coast Swing for Life<BR>9:30-11:00ish FREE WCS practica<BR>.Stay after class and practice what you are learning or just come out and join in the fun of the dance.<BR><BR>The Swing Loft<BR>First Sundays 5PM - 9:30PM<BR>with Rob and Sheila<BR><BR>5:00-5:30<BR>pm<BR>Doors open. Meet and greet.<BR>5:30-6:15pm<BR>All level dance lesson.<BR>We mostly teach WCS here but we do<BR>add in a few other dance lessons at times. There’s something<BR>for everyone from the absolute beginner to the more advanced<BR>dancers in our lessons! No Partner needed<BR>.<BR>Newcomers welcome!<BR>.<BR>6:15-9:30pm (at least!) WE DANCE<BR>! We play lots of WCS: contemporary, blues,<BR>rhythm &amp; blues, time honored favorites and more<BR>.<BR>Everyone welcome. No partner needed. Free parking on the streets and in the garage on<BR>the corner of Olive St. and Baltimore Av.<BR>COST: $12 per person; $6 undergrad students with valid ID. Includes refreshments and<BR>beverages. BYOB and your friends and make it a party!<BR><BR>NOTE: Cost can vary when we have guest instructors in to visit. Check our website often for our schedule.</div>"
"-75.066864","39.915535","Collingswood Cloud Masonic Lodge","<div dir=""ltr"">West Coast Swing: 3rd Saturday and 4th Friday<BR><BR>Watermelon Dance<BR><BR>Every 3rd Saturday<BR><BR>Our DJs play a great mix of blues, rhythm and blues, contemporary, and more for a great night of dancing.<BR><BR>There will also be snacks, beverages, and free parking (no alcohol please).<BR><BR>Schedule:<BR>7:30 – 8:00 All Level Workshop<BR>8:00 – 8:30 Free Introduction Lesson in West Coast Swing<BR>8:30 – 12:30am Dancing!<BR><BR>($10 for club members,<BR>$12 for non-members).<BR>First visit FREE.<BR><BR>http://delval.wordpress.com/<BR><BR>4th Fridays at the Lodge<BR><BR>8:15-8:30 Doors open for meet and mingle<BR>8:30-9:15 All level WCS lesson<BR>9:15 til 12:30 Dance, Dance, Dance !!!<BR><BR>$12 (includes lesson, dancing, snacks and beverages, no alcohol please)</div>"
"-74.925201","39.892601","Dance Time Of NJ","<div dir=""ltr"">2nd Fridays Westie Friday at Dance Time of NJ<BR>8:30 PM - 1:00AM<BR>$12<BR><BR>3003 Lincoln Dr West, Suites C,D, Marlton, NJ 08053</div>"
"-122.768387","45.429821","The Ballroom Dance Company","<a href=""http://www.theballroomdancecompany.com/ThisWeeksClassesPortlandOregonBallroomDancing.shtml"" target=""_blank"">http://www.theballroomdancecompany.com</a><BR><BR>Check website for schedule updates<BR><BR><b>Thursdays<BR></b><ul><li>8:00-9:30pm - Dancing with Jimmy Ho</li><li>$3 cover</li></ul><p><b>Sunday</b></p><ul><li>Beginner Lessons 7pm-7:30pm</li><li>Dance 7:30pm - 10:00pm</li><li>$5 cover<BR></li></ul>"
"-73.983360","40.757061","Strictly Tuesdays at Connolly's","<div dir=""ltr"">www.strictlywestie.com<BR>www.nowdancing.com<BR><BR>8:30 pm - 12:30 am Dance<BR>7:30 pm Beginner and Int/Adv. Lessons<BR><BR>Connolly's Bar and Restaurant | 121 West 45th Street, Third Floor (Between Sixth Avenue &amp; Broadway)<BR><BR>Please contact organizer to confirm whether there is a dance as it is subject to change</div>"
"-73.986221","40.748955","Gotham Soul","<div dir=""ltr"">www.gothamswingclub.org<BR><BR>First Saturday of Every Month<BR>9:00 pm -12:30 am<BR><BR>Dancesport Studios | 22 West 34th Street, Fourth Floor (Between Fifth &amp; Sixth Avenue)<BR><BR>Please contact organizer to confirm whether there is a dance as it is subject to change.</div>"
"-73.990173","40.741013","West Coast Wednesdays","<div dir=""ltr"">www.dancemanhattan.com<BR><BR>West Coast Wednesday with DJs Anthony DeRosa, Jeanette Holmes and John Lindo<BR><BR>9:00 pm - 12:00 am<BR>Dance Manhattan | 39 West 19th Street, Fifth Floor (Between Fifth &amp; Sixth Avenue)<BR><BR>Please contact organizer to confirm whether there is a dance as it is subject to change.<BR>&nbsp;</div>"
"-73.995064","40.749973","Platinum Party WCS & Hustle","<div dir=""ltr"">www.swingshoes.net<BR>Third Friday of Every Month<BR>9:30 pm - 12:30am<BR>Club 412 - You Should Be Dancing | 412 Eighth Avenue, Fourth Floor (Between 30th &amp; 31st Streets)<BR>Free Beginner Crash Course: 9:00 pm</div>"
"-73.990196","40.744350","Cali Mix Practice Dance at Stepping Out Studios","<div dir=""ltr"">www.steppingoutstudios.com<BR>Every Monday 9:30 pm - 11:00 pm<BR>Stepping Out Studios | 37 West 26th Street, Ninth Floor (Between Broadway &amp; 6th Avenue)</div>"
"-73.323097","40.838890","Monthly Dance with DJ Anthony DeRosa","www.wcsny.com"
"-113.454781","53.543289","West Coast Swing Addicts - Edmonton","<div dir=""ltr"">West Coast Swing Addicts (Edmonton) is a group of enthusiastic dancers dedicated to providing a fun and friendly place for people to practice, learn, and enjoy West Coast Swing Dancing.<BR><BR>Info on West Coast Swing Addicts - Edmonton FB page</div>"
"-119.799812","36.777340","STUDIO 65",""
"-80.002441","40.430225","Absolute Ballroom","<div dir=""ltr"">Tuesday Nights for more info http://pghwcs.com/</div>"
"-108.502068","45.787132","Billings Community Center","<div dir=""ltr"">West Coast Swing Montana<BR>Monthly Social Dance, $5/person.<BR><BR><a href=""http://wcsmontana.com/wcs/?page_id=466"" target=""_blank"">Schedule for lessons and dances.</a><BR><BR><a href=""http://www.wcsmontana.com"" target=""_blank"">www.wcsmontana.com</a><BR><BR><a href=""https://www.facebook.com/pages/West-Coast-Swing-Montana/109823322410541?fref=ts"" target=""_blank"">Facebook</a><BR></div>"
"-21.895210","64.135338","Reykjavik","Check out www.haskoladansinn.is and www.westcoastswing.is for venues and times. Looking forward to seeing you!<BR>"
"-122.401794","37.765312","Mike Pyle's Bayside Swing","<div dir=""ltr"">SUNDAY MONTHLY LESSON &amp; DANCE Check site for details.</div><div dir=""ltr""><span style=""font-size:10pt"">&nbsp;</span></div><div dir=""ltr""><a href=""http://audiopyle.com/baysideswing.html"" target=""_blank"">http://audiopyle.com/baysideswing.html</a><BR><BR><span style=""font-size:10pt"">LESSON: 6:00-7:00 PM</span></div><div dir=""ltr"">DANCE: &nbsp; 7:00-10:30 PM</div><div dir=""ltr""><BR>$10 LESSON ONLY</div><div dir=""ltr"">$15 LESSON&amp;DANCE</div><div dir=""ltr"">$10 DANCE ONLY&nbsp;</div>"
"-122.261520","37.811478","Mike Pyle's Lakeside Swing","<div dir=""ltr"">SUNDAY MONTHLY LESSON &amp; DANCE&nbsp;</div><div dir=""ltr"">Check site for details.</div><div dir=""ltr""><BR>&nbsp;</div><div dir=""ltr"">http://audiopyle.com/lakeside.html<BR><BR><span style=""font-size:10pt"">LESSON: 6:00-7:00 PM</span></div><div dir=""ltr"">DANCE: &nbsp; 7:00-10:30 PM</div><div dir=""ltr""><BR>&nbsp;</div><div dir=""ltr"">$15 LESSON&amp;DANCE</div><div dir=""ltr"">$10 DANCE ONLY&nbsp;</div>"
"-122.117950","47.672585","DanceWorks Studio","<div dir=""ltr"">Beginner WCS classes on Friday evenings. Intermediate/Advanced WCS classes on Monday evenings. Drop-in and monthly rates.<BR><BR>WCS dance party last Friday of the month.  Party starts at 9:15 with lesson beforehand at 8:30pm.<BR><BR>Fun &amp; friendly atmosphere. Occasional live music events.<BR><BR>More info: www.danceworksstudio.com</div>"
"-78.574219","34.957996","Loafers Beach Club","<div dir=""ltr"">605 Creekside Drive, Raleigh, NC 27609<BR>919-743-5332<BR>loafers@bellsouth.net<BR>www.loafersbeachclub.com<BR>Wednesday Nights: 5:45pm - 12:30am (shag and wcs. wcs dancers get there around 8pm usually)<BR><BR>Friday nights: all wcs 8pm -2 am<BR><BR>$6/the night members<BR>$8/the night guests<BR>$20/year membership</div>"
"-156.485291","20.904600","West Coast Swing Maui","310 HoOkahi St Wailuku, HI 96793<BR><img src=""https://cbks0.google.com/cbk?output=thumbnail&amp;w=90&amp;h=68&amp;ll=20.904600,-156.485292&amp;thumb=0""><img src=""https://cbks0.google.com/cbk?output=thumbnail&amp;w=90&amp;h=68&amp;ll=20.904600,-156.485292&amp;thumb=0""><div><a href=""https://www.facebook.com/WestCoastSwingMaui?fref=ts"" target=""_blank"">https://www.facebook.com/WestCoastSwingMaui?fref=ts</a></div><div>Sunday Nights from 6:30 - 9:30PM</div><div>Beginner Lesson 6:30 - 7:15PM</div><div>Intermediate Lesson 7:15 - 8:00PM</div><div>Open Dancing 8:00PM - 9:30PM</div><div><BR>&nbsp;</div><div>$12 for Beginner, Intermediate Lesson and Social Dancing!</div><div>$8 for Students (18-24)</div><div>$5 for Social Dancing</div>"
"-79.429817","43.662716","T.O. West Coast Swing","805 Dovercourt Rd<BR>Toronto, ON M6H 2X4, Canada<BR><BR>Every Tuesday Night<BR><BR>6:30 - 7:15 HD Class<BR>7:15 - 8:00 Intermediate<BR>8:00 - 8:45 Beginner<BR>9:00 - 12:00 - Dancing.<BR><BR>Free Beginner Class first Tuesday of the month.<BR><BR>For more information on the Toronto scene go to <a href=""http://towestcoast.com/"" target=""_blank"">http://towestcoast.com/ </a><BR><BR><BR>"
"-104.977272","39.741302","Denver Turnverein","<div dir=""ltr"">Rocky Mountain Swing Dance Club<BR>every Sunday, Lesson from 5:30 -6:30 PM Free Beginner lessons, Beginner+ lessons $4 member, $5 non-member<BR>Dance from 6:30 - 9:30 PM<BR>$6 members, $10 non-members<BR>coloradoswingdance.org<BR></div>"
"21.489683","65.313759","Summer Social WCS","Social WCS Juli 8,15, 22<BR>18.30-20.30<BR>Free &amp; Drop In<BR>Storgatan 3<BR>941 31 Piteå, Sweden<BR><img src=""https://cbks0.google.com/cbk?output=thumbnail&amp;w=90&amp;h=68&amp;ll=65.313762,21.489684&amp;thumb=0"">"
"-105.064514","39.890820","The Westin Westminster","The Westin Westminster<BR>10600 Westminster Boulevard, Westminster, CO 80020<BR>"
"-121.267632","38.642197","7997 California Ave","Fair Oaks, CA 95628<BR><img src=""https://cbks0.google.com/cbk?output=thumbnail&amp;w=90&amp;h=68&amp;ll=38.642196,-121.267632&amp;thumb=0"">"
"-77.110168","39.001492","Womans Club Of Bethesda","<div>West Coast Swing lessons and dance Tuesday nights. Beginners welcome.</div><div>Contact Frank <a target=""_blank"">boogieinbethesda@aol.com</a> or BoogieInBethesda on facebook.</div><div>&nbsp;</div><div><a href=""http://www.boogieinbethesda.com/"" target=""_blank"">http://www.boogieinbethesda.com/</a></div>"
"-77.106552","39.044376","Avant Garde Ballroom Dance Center","<div dir=""ltr"">Saturdays. Lesson 8pm / dance 9pm-1am. Contact boogieinbethesda@aol.com or BoogieInBethesda on facebook.</div>"
"-85.407715","31.203405","Dothan - Circle City Westies","<div dir=""ltr"">https://www.facebook.com/DothanWCS?fref=ts</div>"
"-87.209473","30.429729","Pensacola, FL - Coastal Westies","<div dir=""ltr"">https://www.facebook.com/CoastalWesties<BR><BR>for more styles of dancing visit our group:<BR>https://www.facebook.com/groups/dancinginpensacola/</div>"
"2.400271","48.848915","Temple du Swing, au Club de la Nation","<div>Cours réguliers 4 niveaux</div><div>Regulars lessons, 4 levels</div><div>&nbsp;</div><div>Soirées &amp; stages mensuels</div><div>Monthly parties &amp; workshops</div><div>&nbsp;</div><div>Allez voir sur / Go and see : <a href=""http://www.templeduswing.com"" target=""_blank"">http://www.templeduswing.com</a> </div><div>&nbsp;</div><div>Club de La Nation</div><div>5, rue de Lagny</div><div>75020 Paris<BR><img src=""https://cbks0.google.com/cbk?output=thumbnail&amp;w=90&amp;h=68&amp;ll=48.848914,2.400271&amp;thumb=0""></div><div>&nbsp;</div><div>&nbsp;</div><div>&nbsp;</div>"
"6.192287","46.188618","Salsavirus Geneva",""
"5.322951","60.386654","Westie by the west coast","<img src=""http://wcsbergen.com"">Universitetet i Bergen, 5007 Bergen, Norge<BR><img src=""https://cbks0.google.com/cbk?output=thumbnail&amp;w=90&amp;h=68&amp;ll=60.386653,5.322951&amp;thumb=0""><BR><BR><BR><BR><BR><BR><BR><BR><BR>www.wcsbergen.com<BR><BR><div style=""width:625px;min-height:155px""><div><p><BR><span>BSI dans is happy to welcome you all to a great weekend of west coast swing! We are proud to present our instructors</span></p><BR><p><BR><span> for this event, all the way from the United Kingdom: </span></p><BR><p><BR><span>Steve Hunt and Rachel Martin!</span></p><BR></div></div><BR>"
"5.322951","60.386654","www.wcsbergen.com","November 15-17th.<BR><BR>BSI dans is happy to welcome you all to a great weekend of west coast swing.<BR>We are proud to present our instructors from UK. Steve Hunt &amp; Rachel Martin!<BR><BR><a href=""https://www.facebook.com/events/525405990856612/"" target=""_blank"">Facebook</a> page here.<BR><BR><img src=""https://cbks0.google.com/cbk?output=thumbnail&amp;w=90&amp;h=68&amp;ll=60.386653,5.322951&amp;thumb=0"">"
"127.018318","37.515335","19-8 Jamwon-dong (78 Naruteo-ro)","Seocho-gu, Seoul, South Korea<div>3 floor Sherry Kwon Dance School.</div><div><BR>&nbsp;</div><div>West Coast Swing Lesson and Dancing every Sat with WCSwing Pros.</div><div><BR>&nbsp;</div><div>Time &nbsp; : 8:00pm~</div><div>Ticket : 10,000 krw</div><div><BR>&nbsp;</div><div>Our Facebook Group &amp; Korea Open Page</div><div><a href=""https://www.facebook.com/groups/koreaopenswingdance/"" target=""_blank"">https://www.facebook.com/groups/koreaopenswingdance/</a></div><div><a href=""https://www.facebook.com/KoreaOpenSwingDanceChampionships"" target=""_blank"">https://www.facebook.com/KoreaOpenSwingDanceChampionships</a></div><div><BR>&nbsp;</div><div>Many Event &amp; Fun Dancing !!</div><div><BR><img src=""https://cbks0.google.com/cbk?output=thumbnail&amp;w=90&amp;h=68&amp;ll=37.515334,127.018316&amp;thumb=0""></div>"
"-122.287224","47.819210","The Verve Ballroom",""
"-122.287224","47.819210","The Verve Ballroom",""
